{"cameraMode":{"drawMode":0,"name":"Shaded","section":"Shading Mode"},"sceneLighting":true,"audioPlay":false,"sceneViewState":{"showFog":true,"showMaterialUpdate":true,"showSkybox":true,"showFlares":true,"showImageEffects":true,"showParticleSystems":true},"in2DMode":false,"pivot":{"x":0.19531917572021485,"y":-3.185070514678955,"z":1.136704444885254},"rotation":{"x":-0.15824827551841737,"y":-0.8414149284362793,"z":0.3520931303501129,"w":-0.378165066242218},"size":15.375720977783204,"orthographic":false}